type,ioc
telegram_deaddrop,https://t.me/fdsfsdfsdf31531513531
telegram_deaddrop,https://t.me/bettercallmoneysaul
telegram_deaddrop,https://t.me/asdasdasgdsg 
telegram_deaddrop,https://t.me/r32rdsadasdasd
telegram_deaddrop,https://t.me/lumgasket6
telegram_deaddrop,https://t.me/hunterchaneel
telegram_deaddrop,https://t.me/creativxecornertech
telegram_deaddrop,https://t.me/+5Vbys0CSGyU3YTY1
telegram_deaddrop,https://t.me/ad01oa
telegram_deaddrop,https://t.me/+NMz3iEVXz4xjNDAx
telegram_deaddrop,https://t.me/bzvrip
telegram_deaddrop,https://t.me/socialsscesforum
telegram_deaddrop,https://t.me/+0WbZw-ohvg5iYjZi
telegram_deaddrop,https://t.me/biblegz
telegram_deaddrop,https://t.me/+_037kpzzjYBkNWI6
telegram_deaddrop,https://t.me/kz_prokla1
telegram_deaddrop,https://t.me/urbanfzgprojectbet
telegram_deaddrop,https://t.me/agriwellnessworld
telegram_deaddrop,https://t.me/rougheligheronline
telegram_deaddrop,https://t.me/hyukonyas
telegram_deaddrop,https://t.me/pppubtg
telegram_deaddrop,https://t.me/+kmIF77R5VPM3MmIy
telegram_deaddrop,https://t.me/poilocrypt
telegram_deaddrop,https://t.me/kz_prokla2
telegram_deaddrop,https://t.me/cosmicsex
telegram_deaddrop,https://t.me/ololoshkatu
telegram_deaddrop,https://t.me/sdqw323121311
telegram_deaddrop,https://t.me/asdawfq
telegram_deaddrop,https://t.me/bhgnf453
telegram_deaddrop,https://t.me/komgarg
telegram_deaddrop,https://t.me/giratokiel
telegram_deaddrop,https://t.me/iojgw3i4g32
telegram_deaddrop,https://t.me/adsaddasdawwwwxvsf
telegram_deaddrop,https://t.me/meltifyq
telegram_deaddrop,https://t.me/permaculturepath
telegram_deaddrop,https://t.me/tgramencyp
telegram_deaddrop,https://t.me/wermnjgk34
telegram_deaddrop,https://t.me/markaopa
telegram_deaddrop,https://t.me/hellohellopiupiu
telegram_deaddrop,https://t.me/MESSILION33
telegram_deaddrop,https://t.me/asdcvdsfbs
telegram_deaddrop,https://t.me/exploratipvepath
telegram_deaddrop,https://t.me/asdzxcdaq1
telegram_deaddrop,https://t.me/onetwothreegghh
telegram_deaddrop,https://t.me/zzzwewa
telegram_deaddrop,https://t.me/formarobert
telegram_deaddrop,https://t.me/aadfsfasfasf
telegram_deaddrop,https://t.me/vrootyemymind
telegram_deaddrop,https://t.me/akamambadada
telegram_deaddrop,https://t.me/Lumlumlumgar
telegram_deaddrop,https://t.me/lolypop343
telegram_deaddrop,https://t.me/cobask1234
telegram_deaddrop,https://t.me/steamwork97
telegram_deaddrop,https://t.me/barbosk2
telegram_deaddrop,https://t.me/cobask12345
telegram_deaddrop,https://t.me/whatthosewords5
telegram_deaddrop,https://t.me/biblegummz
telegram_deaddrop,https://t.me/lumlum0921
telegram_deaddrop,https://t.me/cobasck
telegram_deaddrop,https://t.me/xkKajsn1ks
telegram_deaddrop,https://t.me/kasww001
telegram_deaddrop,https://t.me/coba128
telegram_deaddrop,https://t.me/gdfgfdgrtgrtyrtg
telegram_deaddrop,https://t.me/sdkfkkflls
telegram_deaddrop,https://t.me/bambardiro222
telegram_deaddrop,https://t.me/rebuildecuondigital
telegram_deaddrop,https://t.me/wert13043
telegram_deaddrop,https://t.me/fwegewrhgw45
telegram_deaddrop,https://t.me/cob1488
telegram_deaddrop,https://t.me/dfhrjtgmfhgjfh
telegram_deaddrop,https://t.me/abebefbhndrfgh
telegram_deaddrop,https://t.me/chanellllllllss
telegram_deaddrop,https://t.me/qwer1304
telegram_deaddrop,https://t.me/f2112fasfasf
telegram_deaddrop,https://t.me/kubasex
telegram_deaddrop,https://t.me/cobaroma
telegram_deaddrop,https://t.me/acobass
telegram_deaddrop,https://t.me/gfdkgjfdngnfdxjghur
telegram_deaddrop,https://t.me/atomicsmet
telegram_deaddrop,https://t.me/asdasdasdsds12
telegram_deaddrop,https://t.me/coscossk
telegram_deaddrop,https://t.me/rsdthserthhhdsfgh4343
telegram_deaddrop,https://t.me/+9APrqmhb-gA1OGIy
telegram_deaddrop,https://t.me/amazingblitz
telegram_deaddrop,https://t.me/dddcccvvv23ww
telegram_deaddrop,https://t.me/farmercommu
telegram_deaddrop,https://t.me/harvestseasonbloglife
telegram_deaddrop,https://t.me/jopa_osla_jopa
telegram_deaddrop,https://t.me/justicemanners
telegram_deaddrop,https://t.me/lummosz
telegram_deaddrop,https://t.me/segawega43
telegram_deaddrop,https://t.me/urbkureforumtop
telegram_deaddrop,https://t.me/sgsjlghj234
primary_c2,agriework.life
primary_c2,agriwellness.world
primary_c2,analgcslab.run
primary_c2,anesthwtcm.run
primary_c2,arsenaladv.run
primary_c2,astralforging.top
primary_c2,atomicsmet.run
primary_c2,bitteam.info
primary_c2,bzondingmoments.tech
primary_c2,changenwg.run
primary_c2,citxresearchers.icu
primary_c2,compgonentco.top
primary_c2,cowzycomforts.shop
primary_c2,creativxecorner.tech
primary_c2,darjkafsg.digital
primary_c2,deadlyfeaster.site
primary_c2,devotiwpad.live
primary_c2,discrk.digital
primary_c2,eplinko.us
primary_c2,erilhvs.digital
primary_c2,farmercommunity.life
primary_c2,flolilop.com
primary_c2,fusrryfables.today
primary_c2,fuurxchnologies.top
primary_c2,gunownersg.top
primary_c2,hallowewaplk.run
primary_c2,harvestseasonblog.life
primary_c2,hitreasurxes.tech
primary_c2,iqnterstellles.live
primary_c2,jookerkslxsafkr.xyz
primary_c2,jumpxer.run
primary_c2,labnewgaily.world
primary_c2,lancery.digital
primary_c2,lightenzxc.run
primary_c2,lsunarlandsc.digital
primary_c2,maximusw.live
primary_c2,naturefarmingideas.life
primary_c2,nodepathr.run
primary_c2,operateoxasi.top
primary_c2,overcovtcg.top
primary_c2,permaculturepath.run
primary_c2,personyqum.run
primary_c2,pqembridge.run
primary_c2,qpillowlove.shop
primary_c2,quokkauy.live
primary_c2,racxilb.digital
primary_c2,resposibleckk.live
primary_c2,scizencehub.life
primary_c2,searchilyo.run
primary_c2,shoresolfe.live
primary_c2,socialsscesforum.icu
primary_c2,soothingpitllow.icu
primary_c2,supjportsho.icu
primary_c2,taramigo.life
primary_c2,theinterg.world
primary_c2,thnnkzt.digital
primary_c2,togoltrove.shop
primary_c2,trotwhvn.live
primary_c2,urbanfzgproject.bet
primary_c2,urbkureforum.top
primary_c2,web-security3.com
primary_c2,wishagy.live
primary_c2,wolfestandt.run
steam_deaddrop,https://steamcommunity.com/profiles/76561199722835364
steam_deaddrop,https://steamcommunity.com/profiles/76561199724331900
steam_deaddrop,https://steamcommunity.com/profiles/76561199822375128
steam_deaddrop,https://steamcommunity.com/profiles/76561199845513035
fallback_c2,smiteattacekr.org
fallback_c2,yuriy-gagarin.com
fallback_c2,vladimir-ulyanov.com
fallback_c2,nikolay-romanov.su
fallback_c2,aleksandr-block.com
fallback_c2,misha-lomonosov.com
fallback_c2,sputnik-1985.com
fallback_c2,lev-tolstoi.com
fallback_c2,fanpuy.com
fallback_c2,rocketlump.com
fallback_c2,medikalbitkisel.org
fallback_c2,dogalmedical.org
fallback_c2,victoreqs.run
fallback_c2,viridisw.top
fallback_c2,toptalentw.top
fallback_c2,crocodilefg.top
fallback_c2,wolverineas.top
tier1_c2,300snails.sbs
tier1_c2,3xc1aimbl0w.sbs
tier1_c2,3xp3cts1aim.sbs
tier1_c2,5ptit5tuded.cyou
tier1_c2,aadvento.run
tier1_c2,abaft-taboo.bond
tier1_c2,abnomalrkmu.site
tier1_c2,abnomrmakio.cyou
tier1_c2,abortinoiwiam.shop
tier1_c2,abruptyopsn.shop
tier1_c2,absorptioniw.site
tier1_c2,absoulpushx.life
tier1_c2,achievenmtynwjq.shop
tier1_c2,achievesalutto.shop
tier1_c2,actiothreaz.com
tier1_c2,activedomest.sbs
tier1_c2,advennture.top
tier1_c2,adventureseekerstop.top
tier1_c2,aex.circledexj.cyou
tier1_c2,affecthorsedpo.shop
tier1_c2,affordcharmcropwo.shop
tier1_c2,affordtempyo.biz
tier1_c2,agentyanlark.site
tier1_c2,agroecologyguide.digital
tier1_c2,aheadrarry.help
tier1_c2,airwanhder.shop
tier1_c2,ajoyflight.live
tier1_c2,alcojoldwograpciw.shop
tier1_c2,allocatinow.sbs
tier1_c2,amazingmassivei.shop
tier1_c2,ambigtiousgoals.cyou
tier1_c2,animnalha.icu
tier1_c2,annthostiledm.shop
tier1_c2,answerrsdo.shop
tier1_c2,applyzxcksdia.shop
tier1_c2,apporholis.shop
tier1_c2,arenbootk.sbs
tier1_c2,ariosefqcu.shop
tier1_c2,arisechairedd.shop
tier1_c2,armamenti.world
tier1_c2,armoryarch.shop
tier1_c2,aromatcagge.digital
tier1_c2,arriveoxpzxo.shop
tier1_c2,artisticexprgessions.top
tier1_c2,artspace-clickcreator.shop
tier1_c2,aspecteirs.lat
tier1_c2,asphaltgforest.today
tier1_c2,assembslyais.shop
tier1_c2,associationokeo.shop
tier1_c2,astralconnec.icu
tier1_c2,astrotg.world
tier1_c2,atranquilwilderness.hair
tier1_c2,atten-supporse.biz
tier1_c2,authorisev.site
tier1_c2,awake-weaves.cyou
tier1_c2,babberstalek.org
tier1_c2,bakedstusteeb.shop
tier1_c2,balancpedlife.tech
tier1_c2,bannngwko.shop
tier1_c2,barebrilliancedkoso.shop
tier1_c2,bargainnykwo.shop
tier1_c2,basedsymsotp.shop
tier1_c2,bashfulacid.lat
tier1_c2,bassizcellskz.shop
tier1_c2,bathdoomgaz.store
tier1_c2,beaminduggl.top
tier1_c2,bearrytankkewo.shop
tier1_c2,beatablydoxzcop.shop
tier1_c2,beerepiero.online
tier1_c2,beevasyeip.bond
tier1_c2,befall-sm0ker.sbs
tier1_c2,begindecafer.world
tier1_c2,believezioep.com
tier1_c2,bellflamre.click
tier1_c2,bellykmrebk.site
tier1_c2,bemuzzeki.sbs
tier1_c2,benchillppwo.shop
tier1_c2,berserkyfir.click
tier1_c2,bindceasdiwozx.shop
tier1_c2,blackeblast.run
tier1_c2,blacksmithz.run
tier1_c2,blade-govern.sbs
tier1_c2,blast-hubs.com
tier1_c2,blastikcn.com
tier1_c2,blissfulspillow.digital
tier1_c2,bloockflad.pw
tier1_c2,bloodyswif.lat
tier1_c2,blushinglroses.hair
tier1_c2,boarderryowk.shop
tier1_c2,bodyridegw.cfd
tier1_c2,boldadventure.shop
tier1_c2,boldquestq.cyou
tier1_c2,boltetuurked.digital
tier1_c2,bookgames.pw
tier1_c2,bookwormstop.top
tier1_c2,bordflattuo.top
tier1_c2,bored-light.sbs
tier1_c2,bouncedgowp.shop
tier1_c2,brammdysocitrey.shop
tier1_c2,breakfasutwy.cyou
tier1_c2,breastkanekd.online
tier1_c2,breedertremnd.com
tier1_c2,breezyarrogan.click
tier1_c2,brendon-sharjen.biz
tier1_c2,brhightfusion.top
tier1_c2,brighqthorizon.cyou
tier1_c2,brightfuturjes.tech
tier1_c2,brightncove.cyou
tier1_c2,bringlanejk.site
tier1_c2,brjightfuture.tech
tier1_c2,broadecatez.bond
tier1_c2,brownieyuz.sbs
tier1_c2,budgettraveltips.biz
tier1_c2,bugildbett.top
tier1_c2,bundledborne.shop
tier1_c2,burnfamesoilratewo.shop
tier1_c2,byteplusx.digital
tier1_c2,c3.digital-odyssey.shop
tier1_c2,cabbagepattof.net
tier1_c2,caffegclasiqwp.shop
tier1_c2,cagedwifedsozm.shop
tier1_c2,caliberc.today
tier1_c2,callosallsaospz.shop
tier1_c2,calmingtefxtures.run
tier1_c2,cancedhoeysopzv.shop
tier1_c2,captaitwik.sbs
tier1_c2,captivjatingstories.cyou
tier1_c2,capturefann.cyou
tier1_c2,carfeuspitt.bond
tier1_c2,carrtychaintnyw.shop
tier1_c2,carrystuppeder.net
tier1_c2,castmanb.live
tier1_c2,castmaxw.run
tier1_c2,catchddkxozvp.shop
tier1_c2,catterjur.run
tier1_c2,caxndidwave.cyou
tier1_c2,celebratioopz.shop
tier1_c2,ceremonynekwqn.shop
tier1_c2,changeaie.top
tier1_c2,changemakezrs.tech
tier1_c2,changenwg.run
tier1_c2,charecteristicdxp.shop
tier1_c2,charistmatwio.shop
tier1_c2,cheeerfulharbor.rest
tier1_c2,chickerkuso.shop
tier1_c2,chincenterblandwka.pw
tier1_c2,chipdonkeruz.shop
tier1_c2,chlenvaginakz.icu
tier1_c2,chorusarorp.site
tier1_c2,churhemarke.online
tier1_c2,circledexj.cyou
tier1_c2,circujitstorm.bet
tier1_c2,citydisco.bet
tier1_c2,citywand.live
tier1_c2,cjlaspcorne.icu
tier1_c2,clammypunero.com
tier1_c2,clarmodq.top
tier1_c2,classifyagnru.biz
tier1_c2,classyhelped.net
tier1_c2,clearancek.site
tier1_c2,cleartotalfisherwo.shop
tier1_c2,clerarhorizon.cyou
tier1_c2,climatologfy.top
tier1_c2,climepunneddus.com
tier1_c2,clockersspic.click
tier1_c2,cloudewahsj.shop
tier1_c2,cloudhypathway.boats
tier1_c2,cocjkoonpillow.today
tier1_c2,codebitw.live
tier1_c2,codxefusion.top
tier1_c2,collapimga.fun
tier1_c2,colorfulequalugliess.shop
tier1_c2,combatcra.today
tier1_c2,comexisj.digital
tier1_c2,commandejorsk.site
tier1_c2,commisionipwn.shop
tier1_c2,communicationgenerwo.shop
tier1_c2,complainnykso.shop
tier1_c2,complaintsipzzx.shop
tier1_c2,conceptionnyi.sbs
tier1_c2,conceszustyb.shop
tier1_c2,condedqpwqm.shop
tier1_c2,condifendteu.sbs
tier1_c2,conductorbyd.cyou
tier1_c2,conferencefreckewl.shop
tier1_c2,conformfucdioz.shop
tier1_c2,conquemappe.bond
tier1_c2,consciousourwi.shop
tier1_c2,consumptiy.site
tier1_c2,contemplateodszsv.shop
tier1_c2,contemteny.site
tier1_c2,converterco12.cyou
tier1_c2,cook-rain.sbs
tier1_c2,copper-replace.sbs
tier1_c2,corushedk.store
tier1_c2,cosmic-canvas.shop
tier1_c2,covery-mover.biz
tier1_c2,covvercilverow.shop
tier1_c2,cowertbabei.bond
tier1_c2,cozkeu.shop
tier1_c2,crackystart.help
tier1_c2,craveinjuur.shop
tier1_c2,creeeamynsaudi.shop
tier1_c2,crib-endanger.sbs
tier1_c2,crisiwarny.store
tier1_c2,crookedfoshe.bond
tier1_c2,croprojegies.run
tier1_c2,crosshairc.life
tier1_c2,crosshuaht.lat
tier1_c2,crowdwarek.shop
tier1_c2,cryptocurrencytrends.click
tier1_c2,cuddlypifllow.life
tier1_c2,cueddlycrea.run
tier1_c2,culasova.icu
tier1_c2,culinarydelighytts.top
tier1_c2,culture-quest.shop
tier1_c2,cureprouderio.click
tier1_c2,curiousbereeze.top
tier1_c2,curitousminds.cyou
tier1_c2,curverpluch.lat
tier1_c2,cwrispbreeze.cyou
tier1_c2,cxheerfulriver.pics
tier1_c2,cycahao.shop
tier1_c2,daffy-horses.cyou
tier1_c2,dare-curbys.biz
tier1_c2,dayzilons.pw
tier1_c2,deaddereaste.today
tier1_c2,deadlyfeaster.site
tier1_c2,deafeninggeh.biz
tier1_c2,deallerospfosu.shop
tier1_c2,deallyharvenw.shop
tier1_c2,debonairnukk.xyz
tier1_c2,declaredczxi.shop
tier1_c2,decorathnome.icu
tier1_c2,decreaserid.world
tier1_c2,deepymouthi.sbs
tier1_c2,defaulemot.run
tier1_c2,defenddsouneuw.shop
tier1_c2,definitib.sbs
tier1_c2,defrosscrappeo.pw
tier1_c2,deicedosmzj.shop
tier1_c2,delaylacedmn.site
tier1_c2,demonstationfukewko.shop
tier1_c2,deprescatve.shop
tier1_c2,descenrugb.bet
tier1_c2,detectordiscusser.shop
tier1_c2,deteriotraiwo.shop
tier1_c2,diamonykeqpwm.shop
tier1_c2,diffuculttan.xyz
tier1_c2,digital-world24.top
tier1_c2,digitalnomadlifestyle.biz
tier1_c2,dilemmadu.site
tier1_c2,discokeyus.lat
tier1_c2,discreeglow.online
tier1_c2,diskretainvigorousiw.shop
tier1_c2,dismissalcylinderhostw.shop
tier1_c2,disobey-curly.sbs
tier1_c2,dissapoiznw.store
tier1_c2,ditgitaldream.click
tier1_c2,drawwyobstacw.sbs
tier1_c2,drawzhotdog.shop
tier1_c2,dreambjig.top
tier1_c2,dreamerfruits.cloud
tier1_c2,dreamttexxerk.digital
tier1_c2,dryguitttaow.shop
tier1_c2,dsfljsdfjewf.info
tier1_c2,dsimensio.bet
tier1_c2,ducksringjk.sbs
tier1_c2,dwell-exclaim.biz
tier1_c2,dwriftycloud.pics
tier1_c2,dynamiczl.live
tier1_c2,eaglepawnoy.store
tier1_c2,earthsymphzony.today
tier1_c2,easyfwdr.digital
tier1_c2,easyupgw.live
tier1_c2,eaveladventures.biz
tier1_c2,ecoexpanpd.live
tier1_c2,ecofrieendlysolutions.cyou
tier1_c2,ecofriendl.top
tier1_c2,ecommercestrategies.biz
tier1_c2,econdeni.live
tier1_c2,edgedoplastuyc.click
tier1_c2,edurestunningcrackyow.fun
tier1_c2,eemmbryequo.shop
tier1_c2,effecterectz.xyz
tier1_c2,ehticsprocw.sbs
tier1_c2,elaboretib.sbs
tier1_c2,elegantlawwen.run
tier1_c2,elevatemyind.top
tier1_c2,elfinyamen.bond
tier1_c2,elvernwood.digital
tier1_c2,enchanutedmeadow.hair
tier1_c2,endxlesspossi.tech
tier1_c2,energyaffai.lat
tier1_c2,enlargkiw.sbs
tier1_c2,enthusiasimtitleow.shop
tier1_c2,entrepreneurstop.top
tier1_c2,equatorf.run
tier1_c2,esccapewz.run
tier1_c2,establishnappe.space
tier1_c2,ethereailvoyage.rest
tier1_c2,evoliutwoqm.shop
tier1_c2,exarthynature.run
tier1_c2,executrixfinav.pw
tier1_c2,exemplarou.sbs
tier1_c2,exilepolsiy.sbs
tier1_c2,explainvees.sbs
tier1_c2,explorationmsn.store
tier1_c2,explorebieology.run
tier1_c2,explositonuy.buzz
tier1_c2,eyertacric.top
tier1_c2,factlosserk.click
tier1_c2,fadehairucw.store
tier1_c2,faintbl0w.sbs
tier1_c2,fairycity.shop
tier1_c2,famikyjdiag.site
tier1_c2,faminuarfas.digital
tier1_c2,fancywaxxers.shop
tier1_c2,farfinable.top
tier1_c2,farmercommunity.life
tier1_c2,fau1tr0mantic.cyou
tier1_c2,faulteyotk.site
tier1_c2,fearleszsjourney.tech
tier1_c2,featureccus.shop
tier1_c2,feecruthsdusodq.shop
tier1_c2,femalsabler.shop
tier1_c2,femininedspzmhu.shop
tier1_c2,ferilwk2301.top
tier1_c2,ferrycheatyk.sbs
tier1_c2,fesvtiveeuphoria.click
tier1_c2,fightyglobo.sbs
tier1_c2,finickypwk.lat
tier1_c2,firearmsv.digital
tier1_c2,fitnessaddictstop.top
tier1_c2,fitnessgurustop.top
tier1_c2,fixxyplanterv.click
tier1_c2,fleez-inc.sbs
tier1_c2,flighttr.run
tier1_c2,flockefaccek.org
tier1_c2,flourhishdiscovrw.shop
tier1_c2,flouriszhzozne.top
tier1_c2,flyxaway.live
tier1_c2,foodieloverstop.top
tier1_c2,foortyturhud.run
tier1_c2,foresctwhispers.top
tier1_c2,formy-spill.biz
tier1_c2,forwardxinspiration.today
tier1_c2,fostinjec.today
tier1_c2,founpiuer.store
tier1_c2,fpreshstart.tech
tier1_c2,fraggielek.biz
tier1_c2,fragnantbui.shop
tier1_c2,framekgirus.shop
tier1_c2,franecont.run
tier1_c2,frequencydkwo.shop
tier1_c2,freshlsmell.today
tier1_c2,freshstjarttoday.tech
tier1_c2,friendseforever.help
tier1_c2,frizzettei.sbs
tier1_c2,frogmen-smell.sbs
tier1_c2,frogs-severz.sbs
tier1_c2,froytnewqowv.shop
tier1_c2,fsamilyfirstlife.click
tier1_c2,furryfinkders.digital
tier1_c2,furryjourlneys.icu
tier1_c2,furthert.run
tier1_c2,furxnishpla.shop
tier1_c2,fusrryfables.today
tier1_c2,futuristx.live
tier1_c2,fuurxchnologies.top
tier1_c2,fxreshideas.tech
tier1_c2,gadgethgfub.icu
tier1_c2,galaxiay.world
tier1_c2,galxnetb.today
tier1_c2,gapi-node.io
tier1_c2,garagedrootz.top
tier1_c2,garderjjerop.com
tier1_c2,garulouscuto.com
tier1_c2,generalmills.pro
tier1_c2,genvtlewhispers.tech
tier1_c2,ghostreedmnu.shop
tier1_c2,github.io
tier1_c2,givedpooreko.icu
tier1_c2,gleefuhlcloud.top
tier1_c2,glibvisitiru.click
tier1_c2,gluehistspor.click
tier1_c2,gmoldenhours.tech
tier1_c2,goalyfeastz.site
tier1_c2,goldensounew.world
tier1_c2,goldenstream.shop
tier1_c2,gourmetfoodies.biz
tier1_c2,grandiouseziu.biz
tier1_c2,grannyejh.lat
tier1_c2,granystearr.bond
tier1_c2,graqcefulstep.top
tier1_c2,grassemenwji.shop
tier1_c2,greatrabbid.biz
tier1_c2,greehnvibe.top
tier1_c2,green-forest.shop
tier1_c2,greenearoth.cyou
tier1_c2,greywe-snotty.cyou
tier1_c2,gripfizz.click
tier1_c2,growtesitte.life
tier1_c2,growthselec.bond
tier1_c2,grxeasyw.digital
tier1_c2,grxeenplanet.tech
tier1_c2,gstatic-node.io
tier1_c2,guardeduppe.com
tier1_c2,guncontrold.shop
tier1_c2,gunhandl.today
tier1_c2,guninfoo.run
tier1_c2,gunlovers.top
tier1_c2,gunpolicy.today
tier1_c2,gunrightsp.run
tier1_c2,gutterydhowi.shop
tier1_c2,guuynsqpwsima.shop
tier1_c2,h
tier1_c2,halfambitie.space
tier1_c2,hallowed-noisy.sbs
tier1_c2,handscreamny.shop
tier1_c2,happyhquest.top
tier1_c2,haqppycrest.cyou
tier1_c2,hardrwarehaven.run
tier1_c2,hardswarehub.today
tier1_c2,harmoniousrelapzs.tech
tier1_c2,harvestseasonblog.life
tier1_c2,healgeni.live
tier1_c2,healsuperbusyz.cyou
tier1_c2,healthyjouprney.tech
tier1_c2,heatmodd.digital
tier1_c2,helipoctrerow.shop
tier1_c2,hemispherexz.top
tier1_c2,hennyrelatie.shop
tier1_c2,heroicmint.sbs
tier1_c2,hiddenorcphard.hair
tier1_c2,hiddenstr.world
tier1_c2,highawaretemptersudwu.xyz
tier1_c2,hingehjan.shop
tier1_c2,hobbyedsmoker.live
tier1_c2,holidamyup.today
tier1_c2,hollconsole.pw
tier1_c2,homewappzb.top
tier1_c2,honerstyzu.site
tier1_c2,hosue-billowy.cyou
tier1_c2,hoursuhouy.biz
tier1_c2,hoyoverse.blog
tier1_c2,htardwarehu.icu
tier1_c2,ickyseeky.shop
tier1_c2,ignoracndwko.shop
tier1_c2,ignoredshee.com
tier1_c2,immolatechallen.bond
tier1_c2,immureprech.biz
tier1_c2,impactsupport.world
tier1_c2,impend-differ.biz
tier1_c2,impolitewearr.biz
tier1_c2,importenptoc.com
tier1_c2,incredibleextedwj.shop
tier1_c2,indexterityszcoxp.shop
tier1_c2,infuzoriatufelka.com
tier1_c2,ingotyxx.live
tier1_c2,innerkomen.com
tier1_c2,innovationhubf.top
tier1_c2,inputrreparnt.com
tier1_c2,insideparti.cfd
tier1_c2,inspiringjstories.tech
tier1_c2,inspirzedthoughts.tech
tier1_c2,insrpiringcommunity.click
tier1_c2,interactiedovspm.shop
tier1_c2,interfensuffer.fun
tier1_c2,invinjurhey.sbs
tier1_c2,inztergalact.world
tier1_c2,ironloxp.live
tier1_c2,iserjpcektoq.shop
tier1_c2,isoplethui.sbs
tier1_c2,italecony.digital
tier1_c2,jarry-deatile.bond
tier1_c2,jarry-fixxer.bond
tier1_c2,jawdedmirror.run
tier1_c2,johnyvertigo.com
tier1_c2,joingeryjunc.top
tier1_c2,jowinjoinery.icu
tier1_c2,joyfulhezart.tech
tier1_c2,joyfuljournexys.top
tier1_c2,joymagnutwy.cyou
tier1_c2,jrxsafer.top
tier1_c2,jumplilltk.cfd
tier1_c2,jumpstarbt.live
tier1_c2,juniirsoow.shop
tier1_c2,kbracketba.shop
tier1_c2,keennylrwmqlw.shop
tier1_c2,keewoolas.pw
tier1_c2,kickykiduz.lat
tier1_c2,kidimprinyj.shop
tier1_c2,killredls.pw
tier1_c2,kindredqspirits.top
tier1_c2,kitchensummez.online
tier1_c2,kitestarepatt.click
tier1_c2,kitteprincv.click
tier1_c2,kneelyopkr.cfd
tier1_c2,krxspint.digital
tier1_c2,kzteamprokla3.shop
tier1_c2,laddyirekyi.sbs
tier1_c2,ladybughge.click
tier1_c2,landdumpycolorwskfw.shop
tier1_c2,languagedscie.shop
tier1_c2,languageslearning.click
tier1_c2,languarel.fun
tier1_c2,lariatedzugspd.shop
tier1_c2,latetemporarynuance.pw
tier1_c2,latitudert.live
tier1_c2,learnemoaning.cyou
tier1_c2,learnyprocce.bond
tier1_c2,leavefleeffe.top
tier1_c2,leerborisup.shop
tier1_c2,leg-sate-boat.sbs
tier1_c2,legenassedk.top
tier1_c2,leggelatez.lat
tier1_c2,legislatiu.cfd
tier1_c2,lgoghooy.online
tier1_c2,liabilitynighstjsko.shop
tier1_c2,liabiliytshareodlkv.shop
tier1_c2,librari-night.sbs
tier1_c2,licendfilteo.site
tier1_c2,licenseodqwmqn.shop
tier1_c2,liernessfornicsa.shop
tier1_c2,lifestyleclinic-fashionista.shop
tier1_c2,liftally.top
tier1_c2,lightdeerysua.biz
tier1_c2,lightojourney.top
tier1_c2,lightyears.bet
tier1_c2,lingagulidon.com
tier1_c2,lipsdonny.com
tier1_c2,literacyhangwk.shop
tier1_c2,littlenotii.biz
tier1_c2,livestveblog.live
tier1_c2,loadoutle.life
tier1_c2,localartisans.biz
tier1_c2,localfxement.live
tier1_c2,locatedblsoqp.shop
tier1_c2,lompappojumm.click
tier1_c2,lonfgshadow.live
tier1_c2,longitudde.digital
tier1_c2,looky-marked.sbs
tier1_c2,lovelythoughtstop.top
tier1_c2,lumsawedua.shop
tier1_c2,lunarayl.live
tier1_c2,luxurylifestop.top
tier1_c2,magicelasti.click
tier1_c2,manucafuciw.site
tier1_c2,manyrestro.lat
tier1_c2,marketlumpe.biz
tier1_c2,marksmaner.live
tier1_c2,marksmanm.today
tier1_c2,mathcucom.sbs
tier1_c2,measlyrefusz.biz
tier1_c2,mediavelk.sbs
tier1_c2,medimado.run
tier1_c2,meditatetop.top
tier1_c2,meerkaty.digital
tier1_c2,mennyudosirso.shop
tier1_c2,menuedgarli.shop
tier1_c2,mercharena.biz
tier1_c2,metallygaricwo.shop
tier1_c2,metalsyo.digital
tier1_c2,milldymarskwom.shop
tier1_c2,millyscroqwp.shop
tier1_c2,mindfuljournal.shop
tier1_c2,miniatureyu.lat
tier1_c2,minimalismlhife.top
tier1_c2,minlliving.biz
tier1_c2,miscrirarisz.today
tier1_c2,mixedrecipew.biz
tier1_c2,mobbipenju.store
tier1_c2,modellydivi.sbs
tier1_c2,modelshiverd.icu
tier1_c2,moderzysics.top
tier1_c2,modproz.run
tier1_c2,modtunes.live
tier1_c2,moeventmynz.site
tier1_c2,monopuncdz.site
tier1_c2,monstourtu.sbs
tier1_c2,moonehobno.bond
tier1_c2,moskhoods.pw
tier1_c2,motion-treesz.sbs
tier1_c2,motivationalqjuotes.top
tier1_c2,mountain-peak.shop
tier1_c2,moutheventushz.shop
tier1_c2,mrodularmall.top
tier1_c2,mshyhennyk.cyou
tier1_c2,munitions.life
tier1_c2,muscleinitai.biz
tier1_c2,mutterissuen.shop
tier1_c2,mysterisop.site
tier1_c2,mysteryedjw.site
tier1_c2,mysticjpath.cyou
tier1_c2,mysticnexst.cyou
tier1_c2,mysticriver.shop
tier1_c2,nailyakwj.help
tier1_c2,naqturewisdom.top
tier1_c2,naturelovetop.top
tier1_c2,naturesartgistry.today
tier1_c2,naturewsounds.help
tier1_c2,navstarx.shop
tier1_c2,navygenerayk.store
tier1_c2,nearycrepso.shop
tier1_c2,nebdulaq.digital
tier1_c2,necklacebudi.lat
tier1_c2,necklacedmny.store
tier1_c2,negligancedkn.cyou
tier1_c2,nervepianoyo.sbs
tier1_c2,nestlecompany.pro
tier1_c2,nestlecompany.world
tier1_c2,neurozovery.life
tier1_c2,nextgenideas2023.top
tier1_c2,nighetwhisper.top
tier1_c2,nightybinybz.shop
tier1_c2,noisycuttej.shop
tier1_c2,nomadsgpirit.top
tier1_c2,notoriousdcellkw.shop
tier1_c2,novanesmt.cyou
tier1_c2,noxiuos-utopi.bond
tier1_c2,nurserrsjwuwq.shop
tier1_c2,nuttyshopr.biz
tier1_c2,oak-smash.cyou
tier1_c2,occupy-blushi.sbs
tier1_c2,occurrmensipz.shop
tier1_c2,ocean-view.shop
tier1_c2,oceanpebble.shop
tier1_c2,octalfbsh.bet
tier1_c2,oemoutxlet.icu
tier1_c2,offensivedzvju.shop
tier1_c2,offsetyofcre.bond
tier1_c2,offybirhtdi.sbs
tier1_c2,ohfantasyproclaiwlo.shop
tier1_c2,onemiltxny.shop
tier1_c2,openheartljiving.tech
tier1_c2,opetnheearts.top
tier1_c2,opponnentduei.shop
tier1_c2,opposesicknessopw.pw
tier1_c2,opposezmny.site
tier1_c2,orangemyther.live
tier1_c2,oreheatq.live
tier1_c2,ostracizez.sbs
tier1_c2,outpointsozp.shop
tier1_c2,overlapseq.digital
tier1_c2,owerinternal.sbs
tier1_c2,owlflright.digital
tier1_c2,owner-vacat10n.sbs
tier1_c2,p10tgrace.sbs
tier1_c2,p3ar11fter.sbs
tier1_c2,pain-temper.bond
tier1_c2,paitheadki.cfd
tier1_c2,pajamas-stoic-failing.shop
tier1_c2,palacecirwoos.shop
tier1_c2,paleboreei.biz
tier1_c2,palehandycook.top
tier1_c2,panelmaideus.click
tier1_c2,parallelmercywksoffw.shop
tier1_c2,passwodbroked.life
tier1_c2,passworoggre.click
tier1_c2,pastedeputten.life
tier1_c2,pasteflawwed.world
tier1_c2,pastoralkyu.click
tier1_c2,pausedcritiaca.fun
tier1_c2,peacebrothez.click
tier1_c2,peactefulpath.top
tier1_c2,peajcefulspaces.cyou
tier1_c2,peelyitemsn.click
tier1_c2,peepburry828.sbs
tier1_c2,peggbir.live
tier1_c2,penetratebatt.pw
tier1_c2,persongaldevelopment.top
tier1_c2,petited-hulking.cyou
tier1_c2,pevemtnchil.live
tier1_c2,phobicharmno.shop
tier1_c2,phygcsforum.life
tier1_c2,physicalsnowwer.digital
tier1_c2,pillowbrocccolipe.shop
tier1_c2,pillowhagven.world
tier1_c2,pillowtouzch.shop
tier1_c2,pioneeruyj.sbs
tier1_c2,piratetwrath.run
tier1_c2,pirtyoffensiz.bet
tier1_c2,pistolpra.bet
tier1_c2,pixelpottato.top
tier1_c2,pixelstory.shop
tier1_c2,pixtreev.run
tier1_c2,plaintifuf.site
tier1_c2,plantainklj.run
tier1_c2,plastic-mitten.sbs
tier1_c2,plasticreie.com
tier1_c2,platformcati.sbs
tier1_c2,platformreisio.shop
tier1_c2,playbfulpicnic.pics
tier1_c2,pleasedcfrown.biz
tier1_c2,plodnittpw.lat
tier1_c2,politefrightenpowoa.pw
tier1_c2,politercuteop.top
tier1_c2,pollution-raker.cyou
tier1_c2,pomelohgj.top
tier1_c2,pooreveningfuseor.pw
tier1_c2,porcupineq.digital
tier1_c2,possiwreeste.site
tier1_c2,potentioallykeos.shop
tier1_c2,powerful-avoids.sbs
tier1_c2,ppi2.circledexj.cyou
tier1_c2,pragapin.sbs
tier1_c2,preachstrwnwjw.shop
tier1_c2,predatowpmn.shop
tier1_c2,presentymusse.world
tier1_c2,preside-comforter.sbs
tier1_c2,presticitpo.store
tier1_c2,pricendstrugg.pw
tier1_c2,prideforgek.fun
tier1_c2,print-vexer.biz
tier1_c2,prinyveri.cfd
tier1_c2,priooozekw.shop
tier1_c2,privileggoe.live
tier1_c2,processhol.sbs
tier1_c2,produceresov.click
tier1_c2,productivelookewr.shop
tier1_c2,proggresinvj.cyou
tier1_c2,promotedcuut.cfd
tier1_c2,property-imper.sbs
tier1_c2,publicitttyps.shop
tier1_c2,puerrogfh.live
tier1_c2,pukisound.icu
tier1_c2,pull-trucker.sbs
tier1_c2,pumpkinkwquo.shop
tier1_c2,punishzement.biz
tier1_c2,puredoffustow.shop
tier1_c2,puretmeadow.cyou
tier1_c2,pwedereihge.shop
tier1_c2,pyramidyjwu.biz
tier1_c2,qinspiringecho.rest
tier1_c2,qjoyfullantern.pics
tier1_c2,qsoulfulconnections.click
tier1_c2,qtastycuisine.cyou
tier1_c2,qualifielgalt.sbs
tier1_c2,quantuqearch.live
tier1_c2,quarrelepek.bond
tier1_c2,quavabvc.top
tier1_c2,questeformeaning.cloud
tier1_c2,questionsmw.store
tier1_c2,quialitsuzoxm.shop
tier1_c2,quietswtreams.life
tier1_c2,quilltayle.live
tier1_c2,quilterribe.top
tier1_c2,quitgirlek.shop
tier1_c2,quotamkdsdqo.shop
tier1_c2,rabidcowse.shop
tier1_c2,racedsuitreow.shop
tier1_c2,radiationnopp.shop
tier1_c2,rainy-lamep.bond
tier1_c2,rainyreplacwv.site
tier1_c2,rambutanvcx.run
tier1_c2,rapeflowwj.lat
tier1_c2,rebeldettern.com
tier1_c2,reboundui.live
tier1_c2,rebuildhurrte.com
tier1_c2,record-envyp.sbs
tier1_c2,refeplacieud.click
tier1_c2,reformzv.digital
tier1_c2,reggwardssdqw.shop
tier1_c2,reinfomarbke.site
tier1_c2,reinforcenh.shop
tier1_c2,relalingj.sbs
tier1_c2,relatedflatte.online
tier1_c2,relaxatinownio.shop
tier1_c2,relaxparadisetop.top
tier1_c2,relaxparadp.top
tier1_c2,relevantvoicelesskw.shop
tier1_c2,reliedevopoi.bond
tier1_c2,remembkreom.xyz
tier1_c2,replacedoxcjzp.shop
tier1_c2,repostebhu.sbs
tier1_c2,resignfallk.icu
tier1_c2,resinedyw.sbs
tier1_c2,resonantpasot.icu
tier1_c2,respectabosiz.shop
tier1_c2,resposibleckk.live
tier1_c2,restfulrletreats.cyou
tier1_c2,revirepart.biz
tier1_c2,revivalsecularas.pw
tier1_c2,rhxhube.run
tier1_c2,riddled-mnu.cyou
tier1_c2,ripe-blade.cyou
tier1_c2,riqsingstaro.top
tier1_c2,risehighq.live
tier1_c2,rixggingrang.shop
tier1_c2,rlxspoty.run
tier1_c2,robinsharez.shop
tier1_c2,rockemineu.bond
tier1_c2,rodformi.run
tier1_c2,rottieud.sbs
tier1_c2,rugbybrign.life
tier1_c2,salaccgfa.top
tier1_c2,salvaitoynwo.shop
tier1_c2,savorraiykj.lat
tier1_c2,savvy-steereo.sbs
tier1_c2,scienssights.today
tier1_c2,scikevision.today
tier1_c2,scizencehub.life
tier1_c2,screvwspa.icu
tier1_c2,scriptorumh.live
tier1_c2,scriptyprefej.store
tier1_c2,sdfwfsdf.icu
tier1_c2,se-blurry.biz
tier1_c2,seallysl.site
tier1_c2,searchilyo.run
tier1_c2,securesways.click
tier1_c2,sedabemaccra.top
tier1_c2,seedsxouts.shop
tier1_c2,seizedsentec.online
tier1_c2,selfcarestop.top
tier1_c2,selfdefens.bet
tier1_c2,sendypaster.xyz
tier1_c2,servicedny.site
tier1_c2,sessionannoucemenwj.shop
tier1_c2,setfupstore.icu
tier1_c2,sewektrip.shop
tier1_c2,shapeguidecaz.shop
tier1_c2,shapestickyr.lat
tier1_c2,shatterbreathepsw.shop
tier1_c2,sheayingero.shop
tier1_c2,shepherdlyopzc.shop
tier1_c2,shiftmodh.run
tier1_c2,shiftvc.digital
tier1_c2,shiningrstars.help
tier1_c2,shoefeatthe.lat
tier1_c2,shootef.world
tier1_c2,shootyprovedn.biz
tier1_c2,shortsvelventysjo.shop
tier1_c2,shunstriderk.net
tier1_c2,sideindexfollowragelrew.pw
tier1_c2,sidercotay.sbs
tier1_c2,sighbtseeing.shop
tier1_c2,simpleupleasures.cyou
tier1_c2,simpxlehome.tech
tier1_c2,skirtgrippys.com
tier1_c2,skynetxc.live
tier1_c2,slam-whipp.sbs
tier1_c2,slimmybearz.click
tier1_c2,slipperyloo.lat
tier1_c2,smart-living365.top
tier1_c2,smash-boiling.cyou
tier1_c2,smashygally.sbs
tier1_c2,smeltingt.run
tier1_c2,snailyeductyi.sbs
tier1_c2,snarlypagowo.site
tier1_c2,socialsscesforum.icu
tier1_c2,softnestl.cyou
tier1_c2,softpaxth.cyou
tier1_c2,solarnatgure.run
tier1_c2,soldiefieop.site
tier1_c2,soothingpitllow.icu
tier1_c2,soqulfonections.tech
tier1_c2,sordid-snaked.cyou
tier1_c2,soulvlight.cloud
tier1_c2,soundtappysk.shop
tier1_c2,soursopsf.run
tier1_c2,southedhiscuso.shop
tier1_c2,spacedbv.world
tier1_c2,sparkiob.digital
tier1_c2,spellshagey.biz
tier1_c2,spirittunek.store
tier1_c2,spookycappy.biz
tier1_c2,springobtainn.biz
tier1_c2,stagedchheiqwo.shop
tier1_c2,stamppreewntnq.shop
tier1_c2,standartedby.shop
tier1_c2,starcloc.bet
tier1_c2,stardbawn.cyou
tier1_c2,stare-roar.cyou
tier1_c2,starrynsightsky.icu
tier1_c2,startydashek.click
tier1_c2,steeliow.digital
tier1_c2,steelixr.live
tier1_c2,steelmor.digital
tier1_c2,steepycentnqopm.shop
tier1_c2,steppriflej.xyz
tier1_c2,stepupnwr.live
tier1_c2,sterpickced.digital
tier1_c2,steycools.pw
tier1_c2,stingyerasjhru.click
tier1_c2,stitchmiscpaew.shop
tier1_c2,stogeneratmns.shop
tier1_c2,stormlegue.com
tier1_c2,story-tense-faz.sbs
tier1_c2,strawpeasaen.fun
tier1_c2,strikebripm.sbs
tier1_c2,stripedre-lot.bond
tier1_c2,strivehelpeu.bond
tier1_c2,studennotediw.store
tier1_c2,stuffgull.top
tier1_c2,stxarnavig.live
tier1_c2,styleclinic-beautyicon.shop
tier1_c2,stylishdesigzns.top
tier1_c2,subawhipnator.life
tier1_c2,subduedkinlkly.shop
tier1_c2,sudnnyparadox.hair
tier1_c2,suggestyuoz.biz
tier1_c2,sunpnyvibes.tech
tier1_c2,supjportsho.icu
tier1_c2,supporse-comment.cyou
tier1_c2,surroundeocw.shop
tier1_c2,sustainskelet.lat
tier1_c2,sysmeshm.run
tier1_c2,tacitglibbr.biz
tier1_c2,tacticalte.shop
tier1_c2,tacticaltr.shop
tier1_c2,talkynicer.lat
tier1_c2,tamedgeesy.sbs
tier1_c2,tampermonkey02.top
tier1_c2,tampermonkey03.top
tier1_c2,tampermonkey08.top
tier1_c2,targetsand.shop
tier1_c2,targett.top
tier1_c2,tawdrydadysz.icu
tier1_c2,teachherwjw.shop
tier1_c2,tecchsavvy.cyou
tier1_c2,techixnnovation.tech
tier1_c2,techmindzs.live
tier1_c2,techspherxe.top
tier1_c2,techsxzts.click
tier1_c2,techworld2025.top
tier1_c2,tendencctywop.shop
tier1_c2,tentabatte.lat
tier1_c2,territoryleaduo.click
tier1_c2,tesecuuweqo.shop
tier1_c2,thefashioniststop.top
tier1_c2,thegoodstylestop.top
tier1_c2,thehealthylifesstop.top
tier1_c2,theorxhysics.shop
tier1_c2,thicktoys.sbs
tier1_c2,thingspouter.top
tier1_c2,thingssalver.click
tier1_c2,thingymediay.cyou
tier1_c2,thinkyyokej.sbs
tier1_c2,thritvingnature.click
tier1_c2,thumbystriw.store
tier1_c2,timnelessdesign.cyou
tier1_c2,tinpanckakgou.shop
tier1_c2,tirepublicerj.shop
tier1_c2,tolerateilusidjukl.shop
tier1_c2,toppyneedus.biz
tier1_c2,torpdidebar.com
tier1_c2,tortoisgfe.top
tier1_c2,torubleeodsmzo.shop
tier1_c2,touvrlane.bet
tier1_c2,tracnquilforest.life
tier1_c2,tradersneez.click
tier1_c2,traineiwnqo.shop
tier1_c2,tranqnuilserenity.pics
tier1_c2,tranqyuilspace.hair
tier1_c2,transatcitov.cfd
tier1_c2,transfosdrm.live
tier1_c2,tranuqlekper.bond
tier1_c2,travelilx.top
tier1_c2,traveljournal-techinsights.shop
tier1_c2,travewlio.shop
tier1_c2,travielup.top
tier1_c2,treatynreit.site
tier1_c2,trendsetterstop.top
tier1_c2,trenndylicensei.shop
tier1_c2,triggerte.digital
tier1_c2,tripfflux.world
tier1_c2,triplooqp.world
tier1_c2,trolleyrreiwn.shop
tier1_c2,truculengisau.biz
tier1_c2,truefbloom.cyou
tier1_c2,truegbloom.cyou
tier1_c2,trustterwowqm.shop
tier1_c2,tryyudjasudqo.shop
tier1_c2,turkeyunlikelyofw.shop
tier1_c2,turngallerudgo.icu
tier1_c2,twhoughtfulgifts.cyou
tier1_c2,twilitghtarc.live
tier1_c2,unawaredfostwp.shop
tier1_c2,uncertainyelemz.bet
tier1_c2,underlinemdsj.site
tier1_c2,undesirabkel.click
tier1_c2,uniqueadowpqm.shop
tier1_c2,uniquedpieco.site
tier1_c2,unityshootsz.site
tier1_c2,unknowneform.top
tier1_c2,unrestyherf.cfd
tier1_c2,unseaffarignsk.shop
tier1_c2,upknittsoappz.shop
tier1_c2,upmodini.digital
tier1_c2,uppermixturyz.site
tier1_c2,uprootquincju.shop
tier1_c2,uqtilityutop.shop
tier1_c2,urbanaodes.click
tier1_c2,urbanodys.top
tier1_c2,urbanouasis.cyou
tier1_c2,urbjanjungle.tech
tier1_c2,urbkureforum.top
tier1_c2,vennurviot.sbs
tier1_c2,versedkinfe.sbs
tier1_c2,versersleep.shop
tier1_c2,vibrajntvibes.tech
tier1_c2,vibranktdream.top
tier1_c2,vibrantadtventures.top
tier1_c2,virationli.site
tier1_c2,visiwonarypath.top
tier1_c2,vividhheartbeat.hair
tier1_c2,vividimaginatigon.top
tier1_c2,voicesharped.com
tier1_c2,voyageprivato.bond
tier1_c2,vozmeatillu.shop
tier1_c2,vqaliantheart.live
tier1_c2,vwibrantwonders.rest
tier1_c2,waiteralcohowl.shop
tier1_c2,wandberup.shop
tier1_c2,warlikedbeliev.org
tier1_c2,warmconfuse.biz
tier1_c2,warmwhearts.cloud
tier1_c2,warnger.xyz
tier1_c2,washyceehsu.lat
tier1_c2,washytortt.click
tier1_c2,wavessdemotion.today
tier1_c2,weakkysemwmns.shop
tier1_c2,wealthestored.icu
tier1_c2,weaponswh.run
tier1_c2,weaponwo.life
tier1_c2,web-security3.com
tier1_c2,webinspisrve.icu
tier1_c2,weiggheticulop.shop
tier1_c2,weighappetis.click
tier1_c2,weighcobbweo.top
tier1_c2,weldorae.digital
tier1_c2,wellofflyric.click
tier1_c2,wholersorie.shop
tier1_c2,wickedneatr.sbs
tier1_c2,wide-eyeder.cyou
tier1_c2,wiesespark.cyou
tier1_c2,wilddthings.top
tier1_c2,wildpadventures.tech
tier1_c2,winterchill.shop
tier1_c2,wisecr213acktr.cyou
tier1_c2,wisemassiveharmonious.shop
tier1_c2,wonderfulbelif.click
tier1_c2,worddosofrm.shop
tier1_c2,wordyfindy.lat
tier1_c2,worldpofadventure.today
tier1_c2,worryfillvolcawoi.shop
tier1_c2,worshipstrar.biz
tier1_c2,wqanderludreams.tech
tier1_c2,wrathful-jammy.cyou
tier1_c2,wrench-creter.sbs
tier1_c2,wrigglesight.sbs
tier1_c2,writekdmsnu.site
tier1_c2,writerospzm.shop
tier1_c2,wucijyi.shop
tier1_c2,wxayfarer.live
tier1_c2,xcelmodo.run
tier1_c2,xrfxcaseq.live
tier1_c2,yndo-pepper.bond
tier1_c2,younngpresseo.shop
tier1_c2,zadventurousfood.cyou
tier1_c2,zboldmeadow.cyou
tier1_c2,zealjkh.digital
tier1_c2,zefnecho.cyou
tier1_c2,zengardxen.cyou
tier1_c2,zestmodp.top
tier1_c2,zfurrycomp.top
tier1_c2,zinc-sneark.biz
tier1_c2,zincaa.shop
tier1_c2,zoolclaud.pw
tier1_c2,zsilvermoonbeam.hair